<?xml version="1.0" encoding="UTF-8"?>
<project-private xmlns="http://www.netbeans.org/ns/project-private/1">
    <editor-bookmarks xmlns="http://www.netbeans.org/ns/editor-bookmarks/2" lastBookmarkId="0"/>
    <open-files xmlns="http://www.netbeans.org/ns/projectui-open-files/2">
        <group>
            <file>file:/C:/Users/USER/Documents/NetBeansProjects/LivestockFeedDistributionSystem/src/com/feedsystem/Main.java</file>
            <file>file:/C:/Users/USER/Documents/NetBeansProjects/LivestockFeedDistributionSystem/src/com/feedsystem/dao/DatabaseConnection.java</file>
            <file>file:/C:/Users/USER/Documents/NetBeansProjects/LivestockFeedDistributionSystem/src/com/feedsystem/model/FeedSupplier.java</file>
            <file>file:/C:/Users/USER/Documents/NetBeansProjects/LivestockFeedDistributionSystem/src/com/feedsystem/model/FeedProduct.java</file>
            <file>file:/C:/Users/USER/Documents/NetBeansProjects/LivestockFeedDistributionSystem/src/com/feedsystem/model/LivestockFarmer.java</file>
            <file>file:/C:/Users/USER/Documents/NetBeansProjects/LivestockFeedDistributionSystem/src/com/feedsystem/model/FeedOrder.java</file>
            <file>file:/C:/Users/USER/Documents/NetBeansProjects/LivestockFeedDistributionSystem/src/com/feedsystem/util/Validator.java</file>
            <file>file:/C:/Users/USER/Documents/NetBeansProjects/LivestockFeedDistributionSystem/src/com/feedsystem/dao/FeedSupplierDAO.java</file>
            <file>file:/C:/Users/USER/Documents/NetBeansProjects/LivestockFeedDistributionSystem/src/com/feedsystem/dao/FeedProductDAO.java</file>
            <file>file:/C:/Users/USER/Documents/NetBeansProjects/LivestockFeedDistributionSystem/src/com/feedsystem/dao/LivestockFarmerDAO.java</file>
            <file>file:/C:/Users/USER/Documents/NetBeansProjects/LivestockFeedDistributionSystem/src/com/feedsystem/dao/FeedOrderDAO.java</file>
            <file>file:/C:/Users/USER/Documents/NetBeansProjects/LivestockFeedDistributionSystem/src/com/feedsystem/controller/ReportController.java</file>
            <file>file:/C:/Users/USER/Documents/NetBeansProjects/LivestockFeedDistributionSystem/src/com/feedsystem/view/LoginForm.java</file>
            <file>file:/C:/Users/USER/Documents/NetBeansProjects/LivestockFeedDistributionSystem/src/com/feedsystem/view/DashboardForm.java</file>
            <file>file:/C:/Users/USER/Documents/NetBeansProjects/LivestockFeedDistributionSystem/src/com/feedsystem/view/SupplierForm.java</file>
            <file>file:/C:/Users/USER/Documents/NetBeansProjects/LivestockFeedDistributionSystem/src/com/feedsystem/view/ProductForm.java</file>
            <file>file:/C:/Users/USER/Documents/NetBeansProjects/LivestockFeedDistributionSystem/src/com/feedsystem/view/FarmerForm.java</file>
            <file>file:/C:/Users/USER/Documents/NetBeansProjects/LivestockFeedDistributionSystem/src/com/feedsystem/view/OrderForm.java</file>
        </group>
    </open-files>
</project-private>
